File,Duration (sec),RMS Energy,Zero Crossing Rate,Spectral Centroid
file_example_MP3_700KB.mp3,42.01,0.08456358313560486,0.03420990158839779,442.25332430952994
file_example_WAV_1MG.wav,5.94,0.06052388250827789,0.06328582763671875,856.5511958327775
